{
  "semanticredmid": { "r": 0.9215686321258545, "g": 0, "b": 0, "a": 1 },
  "secondary7": {
    "r": 0.2078431397676468,
    "g": 0.2078431397676468,
    "b": 0.2078431397676468,
    "a": 1
  },
  "secondary4": {
    "r": 0.8039215803146362,
    "g": 0.8039215803146362,
    "b": 0.8039215803146362,
    "a": 1
  },
  "secondary5": {
    "r": 0.6196078658103943,
    "g": 0.6196078658103943,
    "b": 0.6196078658103943,
    "a": 1
  },
  "semanticreddark": {
    "r": 0.5372549295425415,
    "g": 0.125490203499794,
    "b": 0.10196078568696976,
    "a": 1
  },
  "semanticredlight": {
    "r": 0.9803921580314636,
    "g": 0.5568627715110779,
    "b": 0.5098039507865906,
    "a": 1
  },
  "semanticbluelight": {
    "r": 0.4431372582912445,
    "g": 0.6823529601097107,
    "b": 0.9764705896377563,
    "a": 1
  },
  "semanticbluemid": {
    "r": 0.0784313753247261,
    "g": 0.45098039507865906,
    "b": 0.9019607901573181,
    "a": 1
  },
  "semanticbluedark": {
    "r": 0.0470588244497776,
    "g": 0.27450981736183167,
    "b": 0.5529412031173706,
    "a": 1
  },
  "semanticgreenlight": {
    "r": 0.3607843220233917,
    "g": 0.8980392217636108,
    "b": 0.3607843220233917,
    "a": 1
  },
  "semanticgreenmid": {
    "r": 0.0313725508749485,
    "g": 0.5411764979362488,
    "b": 0.0313725508749485,
    "a": 1
  },
  "semanticgreendark": {
    "r": 0.0313725508749485,
    "g": 0.3294117748737335,
    "b": 0.03921568766236305,
    "a": 1
  },
  "semanticbronzelight": {
    "r": 0.8509804010391235,
    "g": 0.6431372761726379,
    "b": 0.42352941632270813,
    "a": 1
  },
  "semanticbronzemid": {
    "r": 0.6705882549285889,
    "g": 0.4000000059604645,
    "b": 0.06666667014360428,
    "a": 1
  },
  "semanticbronzedark": {
    "r": 0.38823530077934265,
    "g": 0.24313725531101227,
    "b": 0.0784313753247261,
    "a": 1
  },
  "secondary1": { "r": 1, "g": 1, "b": 1, "a": 1 },
  "secondary2": {
    "r": 0.9725490212440491,
    "g": 0.9725490212440491,
    "b": 0.9725490212440491,
    "a": 1
  },
  "secondary3": {
    "r": 0.9372549057006836,
    "g": 0.9372549057006836,
    "b": 0.9372549057006836,
    "a": 1
  },
  "secondary6": {
    "r": 0.3764705955982208,
    "g": 0.3764705955982208,
    "b": 0.3764705955982208,
    "a": 1
  },
  "secondary8": { "r": 0, "g": 0, "b": 0, "a": 1 }
}
